-- phpMyAdmin SQL Dump
-- version 5.2.1
-- https://www.phpmyadmin.net/
--
-- Servidor: 127.0.0.1
-- Tiempo de generación: 03-03-2024 a las 19:31:14
-- Versión del servidor: 10.4.28-MariaDB
-- Versión de PHP: 8.0.28

SET SQL_MODE = "NO_AUTO_VALUE_ON_ZERO";
START TRANSACTION;
SET time_zone = "+00:00";


/*!40101 SET @OLD_CHARACTER_SET_CLIENT=@@CHARACTER_SET_CLIENT */;
/*!40101 SET @OLD_CHARACTER_SET_RESULTS=@@CHARACTER_SET_RESULTS */;
/*!40101 SET @OLD_COLLATION_CONNECTION=@@COLLATION_CONNECTION */;
/*!40101 SET NAMES utf8mb4 */;

--
-- Base de datos: `entradas`
--

-- --------------------------------------------------------

--
-- Estructura de tabla para la tabla `asistencias`
--

CREATE TABLE `asistencias` (
  `id` bigint(20) UNSIGNED NOT NULL,
  `fecha` date NOT NULL DEFAULT '2024-03-03',
  `hora_entrada` datetime DEFAULT NULL COMMENT 'Hora de entrada del trabajador',
  `hora_salida` datetime DEFAULT NULL COMMENT 'Hora de salida del trabajador',
  `empl_id` bigint(20) UNSIGNED NOT NULL,
  `created_at` timestamp NULL DEFAULT NULL,
  `updated_at` timestamp NULL DEFAULT NULL
) ENGINE=InnoDB DEFAULT CHARSET=utf8mb4 COLLATE=utf8mb4_unicode_ci;

--
-- Volcado de datos para la tabla `asistencias`
--

INSERT INTO `asistencias` (`id`, `fecha`, `hora_entrada`, `hora_salida`, `empl_id`, `created_at`, `updated_at`) VALUES
(1, '2024-03-02', '2024-03-02 08:59:49', '2024-03-02 08:59:53', 2, '2024-03-03 13:59:49', '2024-03-03 13:59:53'),
(2, '2024-03-03', '2024-03-03 10:16:09', '2024-03-03 10:16:25', 4, '2024-03-03 15:16:09', '2024-03-03 15:16:25'),
(3, '2024-02-19', '2024-02-19 08:43:03', '2024-02-19 19:21:10', 1, '2024-03-03 16:32:27', '2024-03-03 16:32:27'),
(4, '2024-02-20', '2024-02-20 09:19:58', '2024-02-20 18:27:11', 1, '2024-03-03 16:32:27', '2024-03-03 16:32:27'),
(5, '2024-02-21', '2024-02-21 09:58:06', '2024-02-21 17:52:34', 1, '2024-03-03 16:32:27', '2024-03-03 16:32:27'),
(6, '2024-02-22', '2024-02-22 07:56:13', '2024-02-22 16:47:15', 1, '2024-03-03 16:32:27', '2024-03-03 16:32:27'),
(7, '2024-02-23', '2024-02-23 09:58:10', '2024-02-23 18:09:07', 1, '2024-03-03 16:32:27', '2024-03-03 16:32:27'),
(8, '2024-02-24', '2024-02-24 08:15:24', '2024-02-24 19:23:45', 1, '2024-03-03 16:32:27', '2024-03-03 16:32:27'),
(9, '2024-02-25', '2024-02-25 07:50:12', '2024-02-25 16:20:11', 1, '2024-03-03 16:32:27', '2024-03-03 16:32:27'),
(10, '2024-02-19', '2024-02-19 08:27:39', '2024-02-19 18:27:24', 2, '2024-03-03 16:32:27', '2024-03-03 16:32:27'),
(11, '2024-02-20', '2024-02-20 09:27:59', '2024-02-20 18:05:55', 2, '2024-03-03 16:32:27', '2024-03-03 16:32:27'),
(12, '2024-02-21', '2024-02-21 06:22:47', '2024-02-21 16:31:09', 2, '2024-03-03 16:32:27', '2024-03-03 16:32:27'),
(13, '2024-02-22', '2024-02-22 08:30:44', '2024-02-22 19:18:58', 2, '2024-03-03 16:32:27', '2024-03-03 16:32:27'),
(14, '2024-02-23', '2024-02-23 09:01:59', '2024-02-23 16:18:36', 2, '2024-03-03 16:32:27', '2024-03-03 16:32:27'),
(15, '2024-02-24', '2024-02-24 07:23:04', '2024-02-24 16:29:20', 2, '2024-03-03 16:32:27', '2024-03-03 16:32:27'),
(16, '2024-02-25', '2024-02-25 08:19:30', '2024-02-25 16:04:16', 2, '2024-03-03 16:32:27', '2024-03-03 16:32:27'),
(17, '2024-02-19', '2024-02-19 09:28:48', '2024-02-19 20:51:44', 3, '2024-03-03 16:32:27', '2024-03-03 16:32:27'),
(18, '2024-02-20', '2024-02-20 06:38:00', '2024-02-20 18:26:53', 3, '2024-03-03 16:32:27', '2024-03-03 16:32:27'),
(19, '2024-02-21', '2024-02-21 09:31:05', '2024-02-21 17:38:52', 3, '2024-03-03 16:32:27', '2024-03-03 16:32:27'),
(20, '2024-02-22', '2024-02-22 09:10:10', '2024-02-22 20:08:06', 3, '2024-03-03 16:32:27', '2024-03-03 16:32:27'),
(21, '2024-02-23', '2024-02-23 08:11:58', '2024-02-23 16:03:17', 3, '2024-03-03 16:32:27', '2024-03-03 16:32:27'),
(22, '2024-02-24', '2024-02-24 07:23:50', '2024-02-24 16:30:11', 3, '2024-03-03 16:32:27', '2024-03-03 16:32:27'),
(23, '2024-02-25', '2024-02-25 08:50:16', '2024-02-25 18:28:38', 3, '2024-03-03 16:32:27', '2024-03-03 16:32:27'),
(24, '2024-02-19', '2024-02-19 06:29:17', '2024-02-19 16:00:33', 4, '2024-03-03 16:32:27', '2024-03-03 16:32:27'),
(25, '2024-02-20', '2024-02-20 08:37:02', '2024-02-20 19:56:05', 4, '2024-03-03 16:32:27', '2024-03-03 16:32:27'),
(26, '2024-02-21', '2024-02-21 07:09:10', '2024-02-21 16:37:23', 4, '2024-03-03 16:32:27', '2024-03-03 16:32:27'),
(27, '2024-02-22', '2024-02-22 09:09:01', '2024-02-22 17:35:08', 4, '2024-03-03 16:32:27', '2024-03-03 16:32:27'),
(28, '2024-02-23', '2024-02-23 07:48:42', '2024-02-23 20:54:31', 4, '2024-03-03 16:32:27', '2024-03-03 16:32:27'),
(29, '2024-02-24', '2024-02-24 09:04:12', '2024-02-24 18:35:53', 4, '2024-03-03 16:32:27', '2024-03-03 16:32:27'),
(30, '2024-02-25', '2024-02-25 07:40:58', '2024-02-25 17:21:49', 4, '2024-03-03 16:32:27', '2024-03-03 16:32:27'),
(31, '2024-02-19', '2024-02-19 09:10:22', '2024-02-19 17:28:40', 5, '2024-03-03 16:32:27', '2024-03-03 16:32:27'),
(32, '2024-02-20', '2024-02-20 08:51:42', '2024-02-20 17:52:54', 5, '2024-03-03 16:32:27', '2024-03-03 16:32:27'),
(33, '2024-02-21', '2024-02-21 06:33:55', '2024-02-21 16:28:04', 5, '2024-03-03 16:32:27', '2024-03-03 16:32:27'),
(34, '2024-02-22', '2024-02-22 09:02:00', '2024-02-22 16:29:00', 5, '2024-03-03 16:32:27', '2024-03-03 16:32:27'),
(35, '2024-02-23', '2024-02-23 07:16:52', '2024-02-23 20:02:35', 5, '2024-03-03 16:32:27', '2024-03-03 16:32:27'),
(36, '2024-02-24', '2024-02-24 08:36:40', '2024-02-24 16:29:53', 5, '2024-03-03 16:32:27', '2024-03-03 16:32:27'),
(37, '2024-02-25', '2024-02-25 07:25:25', '2024-02-25 20:22:21', 5, '2024-03-03 16:32:27', '2024-03-03 16:32:27'),
(38, '2024-02-19', '2024-02-19 09:03:56', '2024-02-19 17:59:28', 6, '2024-03-03 16:32:27', '2024-03-03 16:32:27'),
(39, '2024-02-20', '2024-02-20 06:48:41', '2024-02-20 20:00:13', 6, '2024-03-03 16:32:27', '2024-03-03 16:32:27'),
(40, '2024-02-21', '2024-02-21 06:05:08', '2024-02-21 17:51:22', 6, '2024-03-03 16:32:27', '2024-03-03 16:32:27'),
(41, '2024-02-22', '2024-02-22 09:42:55', '2024-02-22 16:02:21', 6, '2024-03-03 16:32:27', '2024-03-03 16:32:27'),
(42, '2024-02-23', '2024-02-23 08:24:47', '2024-02-23 20:04:52', 6, '2024-03-03 16:32:27', '2024-03-03 16:32:27'),
(43, '2024-02-24', '2024-02-24 07:07:23', '2024-02-24 19:16:26', 6, '2024-03-03 16:32:27', '2024-03-03 16:32:27'),
(44, '2024-02-25', '2024-02-25 06:03:46', '2024-02-25 20:07:19', 6, '2024-03-03 16:32:27', '2024-03-03 16:32:27'),
(45, '2024-02-19', '2024-02-19 07:14:27', '2024-02-19 17:48:23', 7, '2024-03-03 16:32:27', '2024-03-03 16:32:27'),
(46, '2024-02-20', '2024-02-20 06:52:53', '2024-02-20 16:26:05', 7, '2024-03-03 16:32:27', '2024-03-03 16:32:27'),
(47, '2024-02-21', '2024-02-21 07:39:48', '2024-02-21 16:47:06', 7, '2024-03-03 16:32:27', '2024-03-03 16:32:27'),
(48, '2024-02-22', '2024-02-22 06:34:00', '2024-02-22 16:13:48', 7, '2024-03-03 16:32:27', '2024-03-03 16:32:27'),
(49, '2024-02-23', '2024-02-23 07:06:22', '2024-02-23 17:51:18', 7, '2024-03-03 16:32:27', '2024-03-03 16:32:27'),
(50, '2024-02-24', '2024-02-24 09:36:14', '2024-02-24 20:45:42', 7, '2024-03-03 16:32:27', '2024-03-03 16:32:27'),
(51, '2024-02-25', '2024-02-25 06:17:53', '2024-02-25 17:12:17', 7, '2024-03-03 16:32:27', '2024-03-03 16:32:27'),
(52, '2024-02-19', '2024-02-19 07:40:40', '2024-02-19 18:06:00', 8, '2024-03-03 16:32:27', '2024-03-03 16:32:27'),
(53, '2024-02-20', '2024-02-20 09:06:48', '2024-02-20 20:03:35', 8, '2024-03-03 16:32:27', '2024-03-03 16:32:27'),
(54, '2024-02-21', '2024-02-21 07:01:03', '2024-02-21 17:26:29', 8, '2024-03-03 16:32:27', '2024-03-03 16:32:27'),
(55, '2024-02-22', '2024-02-22 08:57:47', '2024-02-22 17:29:37', 8, '2024-03-03 16:32:27', '2024-03-03 16:32:27'),
(56, '2024-02-23', '2024-02-23 08:24:59', '2024-02-23 19:30:01', 8, '2024-03-03 16:32:27', '2024-03-03 16:32:27'),
(57, '2024-02-24', '2024-02-24 07:27:43', '2024-02-24 18:15:27', 8, '2024-03-03 16:32:27', '2024-03-03 16:32:27'),
(58, '2024-02-25', '2024-02-25 06:32:15', '2024-02-25 16:55:58', 8, '2024-03-03 16:32:27', '2024-03-03 16:32:27'),
(59, '2024-02-19', '2024-02-19 07:59:41', '2024-02-19 16:36:32', 9, '2024-03-03 16:32:27', '2024-03-03 16:32:27'),
(60, '2024-02-20', '2024-02-20 07:05:38', '2024-02-20 16:12:56', 9, '2024-03-03 16:32:27', '2024-03-03 16:32:27'),
(61, '2024-02-21', '2024-02-21 08:31:29', '2024-02-21 18:21:10', 9, '2024-03-03 16:32:27', '2024-03-03 16:32:27'),
(62, '2024-02-22', '2024-02-22 09:14:13', '2024-02-22 20:41:06', 9, '2024-03-03 16:32:27', '2024-03-03 16:32:27'),
(63, '2024-02-23', '2024-02-23 06:53:38', '2024-02-23 17:53:24', 9, '2024-03-03 16:32:27', '2024-03-03 16:32:27'),
(64, '2024-02-24', '2024-02-24 08:20:37', '2024-02-24 16:59:08', 9, '2024-03-03 16:32:27', '2024-03-03 16:32:27'),
(65, '2024-02-25', '2024-02-25 06:31:57', '2024-02-25 20:48:26', 9, '2024-03-03 16:32:27', '2024-03-03 16:32:27'),
(66, '2024-02-19', '2024-02-19 08:29:16', '2024-02-19 16:11:20', 10, '2024-03-03 16:32:27', '2024-03-03 16:32:27'),
(67, '2024-02-20', '2024-02-20 08:33:06', '2024-02-20 18:58:44', 10, '2024-03-03 16:32:27', '2024-03-03 16:32:27'),
(68, '2024-02-21', '2024-02-21 09:08:20', '2024-02-21 20:15:18', 10, '2024-03-03 16:32:28', '2024-03-03 16:32:28'),
(69, '2024-02-22', '2024-02-22 07:00:07', '2024-02-22 19:12:54', 10, '2024-03-03 16:32:28', '2024-03-03 16:32:28'),
(70, '2024-02-23', '2024-02-23 06:25:28', '2024-02-23 20:18:03', 10, '2024-03-03 16:32:28', '2024-03-03 16:32:28'),
(71, '2024-02-24', '2024-02-24 07:50:19', '2024-02-24 16:43:21', 10, '2024-03-03 16:32:28', '2024-03-03 16:32:28'),
(72, '2024-02-25', '2024-02-25 09:16:11', '2024-02-25 18:56:50', 10, '2024-03-03 16:32:28', '2024-03-03 16:32:28'),
(73, '2024-02-19', '2024-02-19 07:09:58', '2024-02-19 16:48:56', 1, '2024-03-03 16:33:53', '2024-03-03 16:33:53'),
(74, '2024-02-20', '2024-02-20 09:08:40', '2024-02-20 18:01:20', 1, '2024-03-03 16:33:53', '2024-03-03 16:33:53'),
(75, '2024-02-21', '2024-02-21 08:39:54', '2024-02-21 16:14:46', 1, '2024-03-03 16:33:53', '2024-03-03 16:33:53'),
(76, '2024-02-22', '2024-02-22 07:10:45', '2024-02-22 20:57:08', 1, '2024-03-03 16:33:53', '2024-03-03 16:33:53'),
(77, '2024-02-23', '2024-02-23 06:13:34', '2024-02-23 17:05:57', 1, '2024-03-03 16:33:53', '2024-03-03 16:33:53'),
(78, '2024-02-24', '2024-02-24 07:06:14', '2024-02-24 19:40:21', 1, '2024-03-03 16:33:53', '2024-03-03 16:33:53'),
(79, '2024-02-25', '2024-02-25 09:01:11', '2024-02-25 16:15:37', 1, '2024-03-03 16:33:53', '2024-03-03 16:33:53'),
(80, '2024-02-19', '2024-02-19 07:58:13', '2024-02-19 19:08:53', 2, '2024-03-03 16:33:53', '2024-03-03 16:33:53'),
(81, '2024-02-20', '2024-02-20 07:06:31', '2024-02-20 18:46:09', 2, '2024-03-03 16:33:53', '2024-03-03 16:33:53'),
(82, '2024-02-21', '2024-02-21 07:37:51', '2024-02-21 19:29:04', 2, '2024-03-03 16:33:53', '2024-03-03 16:33:53'),
(83, '2024-02-22', '2024-02-22 08:14:57', '2024-02-22 20:41:52', 2, '2024-03-03 16:33:54', '2024-03-03 16:33:54'),
(84, '2024-02-23', '2024-02-23 06:58:54', '2024-02-23 18:04:58', 2, '2024-03-03 16:33:54', '2024-03-03 16:33:54'),
(85, '2024-02-24', '2024-02-24 06:33:48', '2024-02-24 16:20:54', 2, '2024-03-03 16:33:54', '2024-03-03 16:33:54'),
(86, '2024-02-25', '2024-02-25 09:41:55', '2024-02-25 18:54:55', 2, '2024-03-03 16:33:54', '2024-03-03 16:33:54'),
(87, '2024-02-19', '2024-02-19 09:06:25', '2024-02-19 19:10:46', 3, '2024-03-03 16:33:54', '2024-03-03 16:33:54'),
(88, '2024-02-20', '2024-02-20 06:20:58', '2024-02-20 18:43:56', 3, '2024-03-03 16:33:54', '2024-03-03 16:33:54'),
(89, '2024-02-21', '2024-02-21 09:02:24', '2024-02-21 19:06:58', 3, '2024-03-03 16:33:54', '2024-03-03 16:33:54'),
(90, '2024-02-22', '2024-02-22 06:51:57', '2024-02-22 17:46:41', 3, '2024-03-03 16:33:54', '2024-03-03 16:33:54'),
(91, '2024-02-23', '2024-02-23 07:27:35', '2024-02-23 16:50:55', 3, '2024-03-03 16:33:54', '2024-03-03 16:33:54'),
(92, '2024-02-24', '2024-02-24 06:37:25', '2024-02-24 20:42:13', 3, '2024-03-03 16:33:54', '2024-03-03 16:33:54'),
(93, '2024-02-25', '2024-02-25 07:16:38', '2024-02-25 18:23:20', 3, '2024-03-03 16:33:54', '2024-03-03 16:33:54'),
(94, '2024-02-19', '2024-02-19 07:34:57', '2024-02-19 20:20:17', 4, '2024-03-03 16:33:54', '2024-03-03 16:33:54'),
(95, '2024-02-20', '2024-02-20 09:15:25', '2024-02-20 16:28:30', 4, '2024-03-03 16:33:54', '2024-03-03 16:33:54'),
(96, '2024-02-21', '2024-02-21 06:23:10', '2024-02-21 20:03:58', 4, '2024-03-03 16:33:54', '2024-03-03 16:33:54'),
(97, '2024-02-22', '2024-02-22 07:59:39', '2024-02-22 18:50:36', 4, '2024-03-03 16:33:54', '2024-03-03 16:33:54'),
(98, '2024-02-23', '2024-02-23 06:19:33', '2024-02-23 19:31:53', 4, '2024-03-03 16:33:54', '2024-03-03 16:33:54'),
(99, '2024-02-24', '2024-02-24 08:38:21', '2024-02-24 17:07:38', 4, '2024-03-03 16:33:54', '2024-03-03 16:33:54'),
(100, '2024-02-25', '2024-02-25 06:38:01', '2024-02-25 17:45:45', 4, '2024-03-03 16:33:54', '2024-03-03 16:33:54'),
(101, '2024-02-19', '2024-02-19 07:57:27', '2024-02-19 18:33:04', 5, '2024-03-03 16:33:54', '2024-03-03 16:33:54'),
(102, '2024-02-20', '2024-02-20 09:49:28', '2024-02-20 19:46:04', 5, '2024-03-03 16:33:54', '2024-03-03 16:33:54'),
(103, '2024-02-21', '2024-02-21 07:09:06', '2024-02-21 17:50:46', 5, '2024-03-03 16:33:54', '2024-03-03 16:33:54'),
(104, '2024-02-22', '2024-02-22 09:54:16', '2024-02-22 16:57:09', 5, '2024-03-03 16:33:54', '2024-03-03 16:33:54'),
(105, '2024-02-23', '2024-02-23 07:41:42', '2024-02-23 18:22:49', 5, '2024-03-03 16:33:54', '2024-03-03 16:33:54'),
(106, '2024-02-24', '2024-02-24 09:20:40', '2024-02-24 19:25:41', 5, '2024-03-03 16:33:54', '2024-03-03 16:33:54'),
(107, '2024-02-25', '2024-02-25 06:54:36', '2024-02-25 19:20:32', 5, '2024-03-03 16:33:54', '2024-03-03 16:33:54'),
(108, '2024-02-19', '2024-02-19 07:41:47', '2024-02-19 18:12:27', 6, '2024-03-03 16:33:54', '2024-03-03 16:33:54'),
(109, '2024-02-20', '2024-02-20 09:17:36', '2024-02-20 18:23:59', 6, '2024-03-03 16:33:54', '2024-03-03 16:33:54'),
(110, '2024-02-21', '2024-02-21 09:39:37', '2024-02-21 17:41:15', 6, '2024-03-03 16:33:54', '2024-03-03 16:33:54'),
(111, '2024-02-22', '2024-02-22 08:37:21', '2024-02-22 20:23:52', 6, '2024-03-03 16:33:54', '2024-03-03 16:33:54'),
(112, '2024-02-23', '2024-02-23 08:54:07', '2024-02-23 19:55:19', 6, '2024-03-03 16:33:54', '2024-03-03 16:33:54'),
(113, '2024-02-24', '2024-02-24 06:49:08', '2024-02-24 19:48:06', 6, '2024-03-03 16:33:54', '2024-03-03 16:33:54'),
(114, '2024-02-25', '2024-02-25 08:41:08', '2024-02-25 20:25:36', 6, '2024-03-03 16:33:54', '2024-03-03 16:33:54'),
(115, '2024-02-19', '2024-02-19 08:08:22', '2024-02-19 18:36:34', 7, '2024-03-03 16:33:54', '2024-03-03 16:33:54'),
(116, '2024-02-20', '2024-02-20 08:38:38', '2024-02-20 20:33:45', 7, '2024-03-03 16:33:54', '2024-03-03 16:33:54'),
(117, '2024-02-21', '2024-02-21 09:06:16', '2024-02-21 17:47:53', 7, '2024-03-03 16:33:54', '2024-03-03 16:33:54'),
(118, '2024-02-22', '2024-02-22 08:56:45', '2024-02-22 16:58:06', 7, '2024-03-03 16:33:54', '2024-03-03 16:33:54'),
(119, '2024-02-23', '2024-02-23 07:42:41', '2024-02-23 18:43:08', 7, '2024-03-03 16:33:54', '2024-03-03 16:33:54'),
(120, '2024-02-24', '2024-02-24 09:44:08', '2024-02-24 18:13:08', 7, '2024-03-03 16:33:54', '2024-03-03 16:33:54'),
(121, '2024-02-25', '2024-02-25 09:20:57', '2024-02-25 16:49:57', 7, '2024-03-03 16:33:54', '2024-03-03 16:33:54'),
(122, '2024-02-19', '2024-02-19 09:04:26', '2024-02-19 20:43:07', 8, '2024-03-03 16:33:54', '2024-03-03 16:33:54'),
(123, '2024-02-20', '2024-02-20 08:12:26', '2024-02-20 17:46:15', 8, '2024-03-03 16:33:54', '2024-03-03 16:33:54'),
(124, '2024-02-21', '2024-02-21 06:20:01', '2024-02-21 17:13:24', 8, '2024-03-03 16:33:54', '2024-03-03 16:33:54'),
(125, '2024-02-22', '2024-02-22 08:49:28', '2024-02-22 18:33:05', 8, '2024-03-03 16:33:54', '2024-03-03 16:33:54'),
(126, '2024-02-23', '2024-02-23 08:31:38', '2024-02-23 17:46:13', 8, '2024-03-03 16:33:54', '2024-03-03 16:33:54'),
(127, '2024-02-24', '2024-02-24 07:39:44', '2024-02-24 20:35:22', 8, '2024-03-03 16:33:54', '2024-03-03 16:33:54'),
(128, '2024-02-25', '2024-02-25 06:05:07', '2024-02-25 20:28:43', 8, '2024-03-03 16:33:54', '2024-03-03 16:33:54'),
(129, '2024-02-19', '2024-02-19 07:35:54', '2024-02-19 18:18:34', 9, '2024-03-03 16:33:54', '2024-03-03 16:33:54'),
(130, '2024-02-20', '2024-02-20 08:35:07', '2024-02-20 17:51:26', 9, '2024-03-03 16:33:54', '2024-03-03 16:33:54'),
(131, '2024-02-21', '2024-02-21 09:45:37', '2024-02-21 17:15:07', 9, '2024-03-03 16:33:54', '2024-03-03 16:33:54'),
(132, '2024-02-22', '2024-02-22 08:34:54', '2024-02-22 16:52:03', 9, '2024-03-03 16:33:54', '2024-03-03 16:33:54'),
(133, '2024-02-23', '2024-02-23 08:03:24', '2024-02-23 20:28:01', 9, '2024-03-03 16:33:55', '2024-03-03 16:33:55'),
(134, '2024-02-24', '2024-02-24 07:30:46', '2024-02-24 18:10:48', 9, '2024-03-03 16:33:55', '2024-03-03 16:33:55'),
(135, '2024-02-25', '2024-02-25 08:44:01', '2024-02-25 19:15:20', 9, '2024-03-03 16:33:55', '2024-03-03 16:33:55'),
(136, '2024-02-19', '2024-02-19 07:57:05', '2024-02-19 17:23:08', 10, '2024-03-03 16:33:55', '2024-03-03 16:33:55'),
(137, '2024-02-20', '2024-02-20 06:38:30', '2024-02-20 19:24:39', 10, '2024-03-03 16:33:55', '2024-03-03 16:33:55'),
(138, '2024-02-21', '2024-02-21 09:17:20', '2024-02-21 18:36:18', 10, '2024-03-03 16:33:55', '2024-03-03 16:33:55'),
(139, '2024-02-22', '2024-02-22 06:21:22', '2024-02-22 19:59:13', 10, '2024-03-03 16:33:55', '2024-03-03 16:33:55'),
(140, '2024-02-23', '2024-02-23 06:26:35', '2024-02-23 16:11:07', 10, '2024-03-03 16:33:55', '2024-03-03 16:33:55'),
(141, '2024-02-24', '2024-02-24 07:10:04', '2024-02-24 18:19:17', 10, '2024-03-03 16:33:55', '2024-03-03 16:33:55'),
(142, '2024-02-25', '2024-02-25 06:16:52', '2024-02-25 18:54:23', 10, '2024-03-03 16:33:55', '2024-03-03 16:33:55'),
(143, '2024-02-29', '2024-02-29 13:17:03', '2024-02-29 21:17:03', 3, '2024-02-29 18:17:03', '2024-02-29 18:17:03'),
(144, '2024-02-29', '2024-02-29 13:17:03', '2024-02-29 21:17:03', 4, '2024-02-29 18:17:03', '2024-02-29 18:17:03'),
(145, '2024-02-29', '2024-02-29 13:17:03', '2024-02-29 21:17:03', 5, '2024-02-29 18:17:03', '2024-02-29 18:17:03'),
(146, '2024-02-29', '2024-02-29 13:17:03', '2024-02-29 21:17:03', 6, '2024-02-29 18:17:03', '2024-02-29 18:17:03'),
(147, '2024-02-29', '2024-02-29 13:17:03', '2024-02-29 21:17:03', 7, '2024-02-29 18:17:03', '2024-02-29 18:17:03'),
(148, '2024-02-29', '2024-02-29 13:17:03', '2024-02-29 21:17:03', 8, '2024-02-29 18:17:03', '2024-02-29 18:17:03'),
(149, '2024-02-28', '2024-02-28 13:17:03', '2024-02-28 21:17:03', 4, '2024-02-28 18:17:03', '2024-02-28 18:17:03'),
(150, '2024-02-28', '2024-02-28 13:17:03', '2024-02-28 21:17:03', 5, '2024-02-28 18:17:03', '2024-02-28 18:17:03'),
(151, '2024-02-28', '2024-02-28 13:17:03', '2024-02-28 21:17:03', 6, '2024-02-28 18:17:03', '2024-02-28 18:17:03'),
(152, '2024-02-28', '2024-02-28 13:17:03', '2024-02-28 21:17:03', 7, '2024-02-28 18:17:03', '2024-02-28 18:17:03'),
(153, '2024-02-28', '2024-02-28 13:17:03', '2024-02-28 21:17:03', 8, '2024-02-28 18:17:03', '2024-02-28 18:17:03'),
(154, '2024-03-02', '2024-03-02 13:17:03', '2024-03-02 21:17:03', 4, '2024-03-02 18:17:03', '2024-03-02 18:17:03'),
(155, '2024-03-02', '2024-03-02 13:17:03', '2024-03-02 21:17:03', 5, '2024-03-02 18:17:03', '2024-03-02 18:17:03'),
(156, '2024-03-02', '2024-03-02 13:17:03', '2024-03-02 21:17:03', 6, '2024-03-02 18:17:03', '2024-03-02 18:17:03'),
(157, '2024-03-02', '2024-03-02 13:17:03', '2024-03-02 21:17:03', 7, '2024-03-02 18:17:03', '2024-03-02 18:17:03'),
(158, '2024-03-02', '2024-03-02 13:17:03', '2024-03-02 21:17:03', 8, '2024-03-02 18:17:03', '2024-03-02 18:17:03');

-- --------------------------------------------------------

--
-- Estructura de tabla para la tabla `empleados`
--

CREATE TABLE `empleados` (
  `id` bigint(20) UNSIGNED NOT NULL,
  `nombre` varchar(100) NOT NULL,
  `cedula` varchar(100) DEFAULT NULL,
  `telefono` varchar(20) DEFAULT NULL,
  `fecha` datetime NOT NULL DEFAULT '2024-03-03 08:25:08',
  `cargo` varchar(255) DEFAULT NULL,
  `created_at` timestamp NULL DEFAULT NULL,
  `updated_at` timestamp NULL DEFAULT NULL
) ENGINE=InnoDB DEFAULT CHARSET=utf8mb4 COLLATE=utf8mb4_unicode_ci;

--
-- Volcado de datos para la tabla `empleados`
--

INSERT INTO `empleados` (`id`, `nombre`, `cedula`, `telefono`, `fecha`, `cargo`, `created_at`, `updated_at`) VALUES
(1, 'Goyette', '673304981', '878-525-8709', '2024-03-03 08:25:14', 'Brazer', '2024-03-03 13:25:14', '2024-03-03 13:25:14'),
(2, 'Spencer', '420784211', '+1-786-462-3859', '2024-03-03 08:25:14', 'Editor', '2024-03-03 13:25:14', '2024-03-03 13:25:14'),
(3, 'Gerlach', '107271885', '929.958.1243', '2024-03-03 08:25:14', 'Fitness Trainer', '2024-03-03 13:25:14', '2024-03-03 13:25:14'),
(4, 'Rau', '585288726', '+13396802083', '2024-03-03 08:25:14', 'Electrical Power-Line Installer', '2024-03-03 13:25:14', '2024-03-03 13:25:14'),
(5, 'Bednar', '812781162', '+1 (276) 803-5151', '2024-03-03 08:25:14', 'Transportation Manager', '2024-03-03 13:25:14', '2024-03-03 13:25:14'),
(6, 'Paucek', '262506192', '+19782661643', '2024-03-03 08:25:14', 'Merchandise Displayer OR Window Trimmer', '2024-03-03 13:25:14', '2024-03-03 13:25:14'),
(7, 'White', '485077270', '283.394.8041', '2024-03-03 08:25:14', 'Visual Designer', '2024-03-03 13:25:14', '2024-03-03 13:25:14'),
(8, 'Swaniawski', '636160510', '+1-662-226-6683', '2024-03-03 08:25:14', 'Historian', '2024-03-03 13:25:14', '2024-03-03 13:25:14'),
(9, 'Connelly', '653397176', '1-870-229-6715', '2024-03-03 08:25:14', 'Art Teacher', '2024-03-03 13:25:14', '2024-03-03 13:25:14'),
(10, 'Feest', '636656574', '(959) 968-9352', '2024-03-03 08:25:14', 'Aircraft Rigging Assembler', '2024-03-03 13:25:14', '2024-03-03 13:25:14');

-- --------------------------------------------------------

--
-- Estructura de tabla para la tabla `failed_jobs`
--

CREATE TABLE `failed_jobs` (
  `id` bigint(20) UNSIGNED NOT NULL,
  `uuid` varchar(255) NOT NULL,
  `connection` text NOT NULL,
  `queue` text NOT NULL,
  `payload` longtext NOT NULL,
  `exception` longtext NOT NULL,
  `failed_at` timestamp NOT NULL DEFAULT current_timestamp()
) ENGINE=InnoDB DEFAULT CHARSET=utf8mb4 COLLATE=utf8mb4_unicode_ci;

-- --------------------------------------------------------

--
-- Estructura de tabla para la tabla `migrations`
--

CREATE TABLE `migrations` (
  `id` int(10) UNSIGNED NOT NULL,
  `migration` varchar(255) NOT NULL,
  `batch` int(11) NOT NULL
) ENGINE=InnoDB DEFAULT CHARSET=utf8mb4 COLLATE=utf8mb4_unicode_ci;

--
-- Volcado de datos para la tabla `migrations`
--

INSERT INTO `migrations` (`id`, `migration`, `batch`) VALUES
(1, '2014_10_12_000000_create_users_table', 1),
(2, '2014_10_12_100000_create_password_resets_table', 1),
(3, '2019_08_19_000000_create_failed_jobs_table', 1),
(4, '2019_12_14_000001_create_personal_access_tokens_table', 1),
(5, '2024_03_02_180039_create_empleados_table', 1),
(6, '2024_03_02_180858_create_asistencias_table', 1);

-- --------------------------------------------------------

--
-- Estructura de tabla para la tabla `password_resets`
--

CREATE TABLE `password_resets` (
  `email` varchar(255) NOT NULL,
  `token` varchar(255) NOT NULL,
  `created_at` timestamp NULL DEFAULT NULL
) ENGINE=InnoDB DEFAULT CHARSET=utf8mb4 COLLATE=utf8mb4_unicode_ci;

-- --------------------------------------------------------

--
-- Estructura de tabla para la tabla `personal_access_tokens`
--

CREATE TABLE `personal_access_tokens` (
  `id` bigint(20) UNSIGNED NOT NULL,
  `tokenable_type` varchar(255) NOT NULL,
  `tokenable_id` bigint(20) UNSIGNED NOT NULL,
  `name` varchar(255) NOT NULL,
  `token` varchar(64) NOT NULL,
  `abilities` text DEFAULT NULL,
  `last_used_at` timestamp NULL DEFAULT NULL,
  `expires_at` timestamp NULL DEFAULT NULL,
  `created_at` timestamp NULL DEFAULT NULL,
  `updated_at` timestamp NULL DEFAULT NULL
) ENGINE=InnoDB DEFAULT CHARSET=utf8mb4 COLLATE=utf8mb4_unicode_ci;

-- --------------------------------------------------------

--
-- Estructura de tabla para la tabla `users`
--

CREATE TABLE `users` (
  `id` bigint(20) UNSIGNED NOT NULL,
  `name` varchar(255) NOT NULL,
  `email` varchar(255) NOT NULL,
  `email_verified_at` timestamp NULL DEFAULT NULL,
  `password` varchar(255) NOT NULL,
  `remember_token` varchar(100) DEFAULT NULL,
  `created_at` timestamp NULL DEFAULT NULL,
  `updated_at` timestamp NULL DEFAULT NULL
) ENGINE=InnoDB DEFAULT CHARSET=utf8mb4 COLLATE=utf8mb4_unicode_ci;

--
-- Índices para tablas volcadas
--

--
-- Indices de la tabla `asistencias`
--
ALTER TABLE `asistencias`
  ADD PRIMARY KEY (`id`),
  ADD KEY `asistencias_empl_id_foreign` (`empl_id`);

--
-- Indices de la tabla `empleados`
--
ALTER TABLE `empleados`
  ADD PRIMARY KEY (`id`),
  ADD UNIQUE KEY `empleados_cedula_unique` (`cedula`);

--
-- Indices de la tabla `failed_jobs`
--
ALTER TABLE `failed_jobs`
  ADD PRIMARY KEY (`id`),
  ADD UNIQUE KEY `failed_jobs_uuid_unique` (`uuid`);

--
-- Indices de la tabla `migrations`
--
ALTER TABLE `migrations`
  ADD PRIMARY KEY (`id`);

--
-- Indices de la tabla `password_resets`
--
ALTER TABLE `password_resets`
  ADD PRIMARY KEY (`email`);

--
-- Indices de la tabla `personal_access_tokens`
--
ALTER TABLE `personal_access_tokens`
  ADD PRIMARY KEY (`id`),
  ADD UNIQUE KEY `personal_access_tokens_token_unique` (`token`),
  ADD KEY `personal_access_tokens_tokenable_type_tokenable_id_index` (`tokenable_type`,`tokenable_id`);

--
-- Indices de la tabla `users`
--
ALTER TABLE `users`
  ADD PRIMARY KEY (`id`),
  ADD UNIQUE KEY `users_email_unique` (`email`);

--
-- AUTO_INCREMENT de las tablas volcadas
--

--
-- AUTO_INCREMENT de la tabla `asistencias`
--
ALTER TABLE `asistencias`
  MODIFY `id` bigint(20) UNSIGNED NOT NULL AUTO_INCREMENT, AUTO_INCREMENT=159;

--
-- AUTO_INCREMENT de la tabla `empleados`
--
ALTER TABLE `empleados`
  MODIFY `id` bigint(20) UNSIGNED NOT NULL AUTO_INCREMENT, AUTO_INCREMENT=11;

--
-- AUTO_INCREMENT de la tabla `failed_jobs`
--
ALTER TABLE `failed_jobs`
  MODIFY `id` bigint(20) UNSIGNED NOT NULL AUTO_INCREMENT;

--
-- AUTO_INCREMENT de la tabla `migrations`
--
ALTER TABLE `migrations`
  MODIFY `id` int(10) UNSIGNED NOT NULL AUTO_INCREMENT, AUTO_INCREMENT=7;

--
-- AUTO_INCREMENT de la tabla `personal_access_tokens`
--
ALTER TABLE `personal_access_tokens`
  MODIFY `id` bigint(20) UNSIGNED NOT NULL AUTO_INCREMENT;

--
-- AUTO_INCREMENT de la tabla `users`
--
ALTER TABLE `users`
  MODIFY `id` bigint(20) UNSIGNED NOT NULL AUTO_INCREMENT;

--
-- Restricciones para tablas volcadas
--

--
-- Filtros para la tabla `asistencias`
--
ALTER TABLE `asistencias`
  ADD CONSTRAINT `asistencias_empl_id_foreign` FOREIGN KEY (`empl_id`) REFERENCES `empleados` (`id`);
COMMIT;

/*!40101 SET CHARACTER_SET_CLIENT=@OLD_CHARACTER_SET_CLIENT */;
/*!40101 SET CHARACTER_SET_RESULTS=@OLD_CHARACTER_SET_RESULTS */;
/*!40101 SET COLLATION_CONNECTION=@OLD_COLLATION_CONNECTION */;
